[
    {
        "city": "Алупка",
        "lat": "44.4197222",
        "lng": "34.0430556"
    },
    {
        "city": "Алушта",
        "lat": "44.6637211",
        "lng": "34.405013"
    },
    {
        "city": "Армянск",
        "lat": "46.1072222",
        "lng": "33.6933333"
    },
    {
        "city": "Бахчисарай",
        "lat": "44.7527778",
        "lng": "33.8608333"
    },
    {
        "city": "Белогорск",
        "lat": "45.0544444",
        "lng": "34.6022222"
    },
    {
        "city": "Джанкой",
        "lat": "45.7086111",
        "lng": "34.3933333"
    },
    {
        "city": "Евпатория",
        "lat": "45.2036111",
        "lng": "33.3613889"
    },
    {
        "city": "Керчь",
        "lat": "45.33786",
        "lng": "36.458401"
    },
    {
        "city": "Красноперекопск",
        "lat": "45.962849",
        "lng": "33.787121"
    },
    {
        "city": "Саки",
        "lat": "45.1336111",
        "lng": "33.5772222"
    },
    {
        "city": "Севастополь",
        "lat": "44.60000001",
        "lng": "33.533333343333"
    },
    {
        "city": "Симферополь",
        "lat": "44.9480556",
        "lng": "34.1041667"
    },
    {
        "city": "Старый Крым",
        "lat": "45.0291667",
        "lng": "35.0886111"
    },
    {
        "city": "Судак",
        "lat": "44.858799",
        "lng": "34.974979"
    },
    {
        "city": "Феодосия",
        "lat": "45.0488889",
        "lng": "35.3791667"
    },
    {
        "city": "Щёлкино",
        "lat": "45.4281023",
        "lng": "35.8165187"
    },
    {
        "city": "Ялта",
        "lat": "44.4994444",
        "lng": "34.1552778"
    },
    {
        "city": "Бар",
        "lat": "49.630283",
        "lng": "27.001648"
    },
    {
        "city": "Бершадь",
        "lat": "48.368954",
        "lng": "29.5331654"
    },
    {
        "city": "Винница",
        "lat": "49.2333333",
        "lng": "28.4833333"
    },
    {
        "city": "Гайсин",
        "lat": "48.8094444",
        "lng": "29.3905556"
    },
    {
        "city": "Жмеринка",
        "lat": "49.038349",
        "lng": "28.10556"
    },
    {
        "city": "Казатин",
        "lat": "49.711769",
        "lng": "28.842859"
    },
    {
        "city": "Калиновка",
        "lat": "49.4472222",
        "lng": "28.5230556"
    },
    {
        "city": "Ладыжин",
        "lat": "48.676151",
        "lng": "29.262541"
    },
    {
        "city": "Могилёв-Подольский",
        "lat": "48.45",
        "lng": "27.8"
    },
    {
        "city": "Немиров",
        "lat": "48.9726621",
        "lng": "28.835666"
    },
    {
        "city": "Погребище",
        "lat": "49.4833333",
        "lng": "29.2666667"
    },
    {
        "city": "Тульчин",
        "lat": "48.68",
        "lng": "28.87"
    },
    {
        "city": "Хмельник",
        "lat": "49.563469",
        "lng": "27.959379"
    },
    {
        "city": "Шаргород",
        "lat": "48.73761",
        "lng": "28.08688"
    },
    {
        "city": "Ямполь",
        "lat": "49.9572775",
        "lng": "26.2290711"
    },
    {
        "city": "Берестечко",
        "lat": "50.3505636",
        "lng": "25.1007738"
    },
    {
        "city": "Владимир-Волынский",
        "lat": "50.853578",
        "lng": "24.311783"
    },
    {
        "city": "Горохов",
        "lat": "50.500622",
        "lng": "24.767559"
    },
    {
        "city": "Камень-Каширский",
        "lat": "51.6241667",
        "lng": "24.9605556"
    },
    {
        "city": "Киверцы",
        "lat": "50.833621",
        "lng": "25.460706"
    },
    {
        "city": "Ковель",
        "lat": "51.212898",
        "lng": "24.71343"
    },
    {
        "city": "Луцк",
        "lat": "50.75",
        "lng": "25.3358333"
    },
    {
        "city": "Любомль",
        "lat": "51.2230556",
        "lng": "24.0377778"
    },
    {
        "city": "Нововолынск",
        "lat": "50.7333333",
        "lng": "24.1666667"
    },
    {
        "city": "Рожище",
        "lat": "50.915901",
        "lng": "25.268551"
    },
    {
        "city": "Устилуг",
        "lat": "50.86",
        "lng": "24.15"
    },
    {
        "city": "Апостолово",
        "lat": "47.65815",
        "lng": "33.697819"
    },
    {
        "city": "Верхнеднепровск",
        "lat": "48.6561111",
        "lng": "34.3283333"
    },
    {
        "city": "Вольногорск",
        "lat": "48.4833333",
        "lng": "34.0166667"
    },
    {
        "city": "Днепродзержинск",
        "lat": "48.5166667",
        "lng": "34.6166667"
    },
    {
        "city": "Днепропетровск",
        "lat": "48.45",
        "lng": "34.9833333"
    },
    {
        "city": "Жёлтые Воды",
        "lat": "48.35",
        "lng": "33.5"
    },
    {
        "city": "Кривой Рог",
        "lat": "47.899726",
        "lng": "33.379534"
    },
    {
        "city": "Марганец",
        "lat": "47.6397222",
        "lng": "34.6363889"
    },
    {
        "city": "Никополь",
        "lat": "47.5666667",
        "lng": "34.4"
    },
    {
        "city": "Новомосковск",
        "lat": "48.6333333",
        "lng": "35.2166667"
    },
    {
        "city": "Орджоникидзе",
        "lat": "44.9643961",
        "lng": "35.3569007"
    },
    {
        "city": "Павлоград",
        "lat": "48.533939",
        "lng": "35.869282"
    },
    {
        "city": "Перещепино",
        "lat": "49.016251",
        "lng": "35.371681"
    },
    {
        "city": "Першотравенск",
        "lat": "48.3463889",
        "lng": "36.4044444"
    },
    {
        "city": "Подгородное",
        "lat": "49.5355598",
        "lng": "25.5276081"
    },
    {
        "city": "Пятихатки",
        "lat": "48.4113889",
        "lng": "33.7105556"
    },
    {
        "city": "Синельниково",
        "lat": "48.3177778",
        "lng": "35.5119444"
    },
    {
        "city": "Терновка",
        "lat": "48.5402778",
        "lng": "29.9677778"
    },
    {
        "city": "Авдеевка",
        "lat": "48.1333333",
        "lng": "37.7333333"
    },
    {
        "city": "Артёмовск",
        "lat": "48.599072",
        "lng": "37.999241"
    },
    {
        "city": "Волноваха",
        "lat": "47.596119",
        "lng": "37.490429"
    },
    {
        "city": "Горловка",
        "lat": "48.346432",
        "lng": "38.059513"
    },
    {
        "city": "Дзержинск",
        "lat": "48.4",
        "lng": "37.8333333"
    },
    {
        "city": "Дебальцево",
        "lat": "48.3333333",
        "lng": "38.4"
    },
    {
        "city": "Димитров",
        "lat": "48.32357",
        "lng": "37.291854"
    },
    {
        "city": "Доброполье",
        "lat": "48.4691324",
        "lng": "37.0871223"
    },
    {
        "city": "Докучаевск",
        "lat": "47.770821",
        "lng": "37.684361"
    },
    {
        "city": "Донецк",
        "lat": "48.0027778",
        "lng": "37.8052778"
    },
    {
        "city": "Дружковка",
        "lat": "48.6166667",
        "lng": "37.5333333"
    },
    {
        "city": "Енакиево",
        "lat": "48.2166667",
        "lng": "38.2"
    },
    {
        "city": "Ждановка",
        "lat": "48.1462985",
        "lng": "38.2540176"
    },
    {
        "city": "Зугрэс",
        "lat": "48.0166667",
        "lng": "38.2666667"
    },
    {
        "city": "Кировское",
        "lat": "48.15",
        "lng": "38.3666667"
    },
    {
        "city": "Краматорск",
        "lat": "48.736462",
        "lng": "37.57164"
    },
    {
        "city": "Красноармейск",
        "lat": "48.2827778",
        "lng": "37.1827778"
    },
    {
        "city": "Красный Лиман",
        "lat": "48.984211",
        "lng": "37.810329"
    },
    {
        "city": "Константиновка",
        "lat": "48.51545",
        "lng": "37.703629"
    },
    {
        "city": "Мариуполь",
        "lat": "47.1166667",
        "lng": "37.55"
    },
    {
        "city": "Макеевка",
        "lat": "48.076179",
        "lng": "38.068427"
    },
    {
        "city": "Новогродовка",
        "lat": "48.2045408",
        "lng": "37.336821"
    },
    {
        "city": "Селидово",
        "lat": "48.144671",
        "lng": "37.297897"
    },
    {
        "city": "Славянск",
        "lat": "48.846851",
        "lng": "37.57954"
    },
    {
        "city": "Снежное",
        "lat": "48.0282789",
        "lng": "38.7656122"
    },
    {
        "city": "Соледар",
        "lat": "48.6833333",
        "lng": "38.1"
    },
    {
        "city": "Торез",
        "lat": "48.0166667",
        "lng": "38.6333333"
    },
    {
        "city": "Угледар",
        "lat": "47.7833333",
        "lng": "37.25"
    },
    {
        "city": "Харцызск",
        "lat": "48.037411",
        "lng": "38.160301"
    },
    {
        "city": "Шахтёрск",
        "lat": "48.0333333",
        "lng": "38.4833333"
    },
    {
        "city": "Ясиноватая",
        "lat": "48.1221425",
        "lng": "37.8765944"
    },
    {
        "city": "Андрушёвка",
        "lat": "50.0166667",
        "lng": "29.0166667"
    },
    {
        "city": "Барановка",
        "lat": "50.30204",
        "lng": "27.67634"
    },
    {
        "city": "Бердичев",
        "lat": "49.903381",
        "lng": "28.599251"
    },
    {
        "city": "Житомир",
        "lat": "50.259749",
        "lng": "28.676248"
    },
    {
        "city": "Коростень",
        "lat": "50.95",
        "lng": "28.6333333"
    },
    {
        "city": "Коростышев",
        "lat": "50.316639",
        "lng": "29.06653"
    },
    {
        "city": "Малин",
        "lat": "50.77121",
        "lng": "29.25297"
    },
    {
        "city": "Новоград-Волынский",
        "lat": "50.59256",
        "lng": "27.62348"
    },
    {
        "city": "Овруч",
        "lat": "51.327251",
        "lng": "28.818979"
    },
    {
        "city": "Радомышль",
        "lat": "50.4947222",
        "lng": "29.2333333"
    },
    {
        "city": "Берегово",
        "lat": "48.2",
        "lng": "22.6333333"
    },
    {
        "city": "Виноградов",
        "lat": "48.138142",
        "lng": "23.041519"
    },
    {
        "city": "Иршава",
        "lat": "48.310911",
        "lng": "23.037711"
    },
    {
        "city": "Мукачево",
        "lat": "48.442411",
        "lng": "22.723352"
    },
    {
        "city": "Перечин",
        "lat": "48.7341667",
        "lng": "22.4741667"
    },
    {
        "city": "Рахов",
        "lat": "48.060829",
        "lng": "24.205059"
    },
    {
        "city": "Свалява",
        "lat": "48.5472222",
        "lng": "22.9861111"
    },
    {
        "city": "Тячев",
        "lat": "48.0113889",
        "lng": "23.5722222"
    },
    {
        "city": "Ужгород",
        "lat": "48.6166667",
        "lng": "22.3"
    },
    {
        "city": "Хуст",
        "lat": "48.1813889",
        "lng": "23.2977778"
    },
    {
        "city": "Чоп",
        "lat": "48.4333333",
        "lng": "22.2"
    },
    {
        "city": "Бердянск",
        "lat": "46.748581",
        "lng": "36.809502"
    },
    {
        "city": "Васильевка",
        "lat": "47.433708",
        "lng": "35.27816"
    },
    {
        "city": "Вольнянск",
        "lat": "47.9419444",
        "lng": "35.4280556"
    },
    {
        "city": "Гуляйполе",
        "lat": "47.658562",
        "lng": "36.252918"
    },
    {
        "city": "Днепрорудное",
        "lat": "47.3840983",
        "lng": "34.98121"
    },
    {
        "city": "Запорожье",
        "lat": "47.853748",
        "lng": "35.157139"
    },
    {
        "city": "Каменка-Днепровская",
        "lat": "47.488911",
        "lng": "34.400761"
    },
    {
        "city": "Мелитополь",
        "lat": "46.847839",
        "lng": "35.364979"
    },
    {
        "city": "Молочанск",
        "lat": "47.206982",
        "lng": "35.59618"
    },
    {
        "city": "Орехов",
        "lat": "47.5666667",
        "lng": "35.7833333"
    },
    {
        "city": "Пологи",
        "lat": "47.47728",
        "lng": "36.25626"
    },
    {
        "city": "Приморск",
        "lat": "46.7333333",
        "lng": "36.35"
    },
    {
        "city": "Токмак",
        "lat": "47.25",
        "lng": "35.7"
    },
    {
        "city": "Энергодар",
        "lat": "47.4979877",
        "lng": "34.6565334"
    },
    {
        "city": "Болехов",
        "lat": "49.070011",
        "lng": "23.864719"
    },
    {
        "city": "Бурштын",
        "lat": "49.263802",
        "lng": "24.634211"
    },
    {
        "city": "Галич",
        "lat": "49.1247222",
        "lng": "24.7286111"
    },
    {
        "city": "Городенка",
        "lat": "48.6675",
        "lng": "25.5002778"
    },
    {
        "city": "Долина",
        "lat": "51.79",
        "lng": "33.76"
    },
    {
        "city": "Ивано-Франковск",
        "lat": "48.9166667",
        "lng": "24.7166667"
    },
    {
        "city": "Калуш",
        "lat": "49.050465",
        "lng": "24.374117"
    },
    {
        "city": "Коломыя",
        "lat": "48.53146",
        "lng": "25.039709"
    },
    {
        "city": "Косов",
        "lat": "48.315",
        "lng": "25.0952778"
    },
    {
        "city": "Надворная",
        "lat": "48.6333333",
        "lng": "24.5833333"
    },
    {
        "city": "Рогатин",
        "lat": "49.411449",
        "lng": "24.62051"
    },
    {
        "city": "Снятын",
        "lat": "48.45",
        "lng": "25.5666667"
    },
    {
        "city": "Тысменица",
        "lat": "48.9008333",
        "lng": "24.8491667"
    },
    {
        "city": "Тлумач",
        "lat": "48.8666667",
        "lng": "25.0"
    },
    {
        "city": "Яремче",
        "lat": "48.449523",
        "lng": "24.557508"
    },
    {
        "city": "Белая Церковь",
        "lat": "49.7988889",
        "lng": "30.1152778"
    },
    {
        "city": "Березань",
        "lat": "50.3197222",
        "lng": "31.47"
    },
    {
        "city": "Богуслав",
        "lat": "49.541031",
        "lng": "30.88073"
    },
    {
        "city": "Борисполь",
        "lat": "50.350491",
        "lng": "30.960739"
    },
    {
        "city": "Боярка",
        "lat": "49.323518",
        "lng": "30.700165"
    },
    {
        "city": "Бровары",
        "lat": "50.5166667",
        "lng": "30.8166667"
    },
    {
        "city": "Буча",
        "lat": "50.5569165",
        "lng": "30.2230733"
    },
    {
        "city": "Васильков",
        "lat": "50.178959",
        "lng": "30.32715"
    },
    {
        "city": "Вишнёвое",
        "lat": "50.4377778",
        "lng": "33.3822222"
    },
    {
        "city": "Вышгород",
        "lat": "50.5833333",
        "lng": "30.5"
    },
    {
        "city": "Ирпень",
        "lat": "50.5166667",
        "lng": "30.25"
    },
    {
        "city": "Кагарлык",
        "lat": "49.85722",
        "lng": "30.82032"
    },
    {
        "city": "Киев",
        "lat": "50.584981",
        "lng": "30.235748"
    },
    {
        "city": "Мироновка",
        "lat": "49.661022",
        "lng": "30.98458"
    },
    {
        "city": "Обухов",
        "lat": "50.105728",
        "lng": "30.630699"
    },
    {
        "city": "Переяслав-Хмельницкий",
        "lat": "50.070141",
        "lng": "31.45775"
    },
    {
        "city": "Припять",
        "lat": "51.4977778",
        "lng": "24.1180556"
    },
    {
        "city": "Ржищев",
        "lat": "49.972801",
        "lng": "31.04777"
    },
    {
        "city": "Сквира",
        "lat": "49.73719",
        "lng": "29.66901"
    },
    {
        "city": "Славутич",
        "lat": "51.523777",
        "lng": "30.768559"
    },
    {
        "city": "Тараща",
        "lat": "49.56065",
        "lng": "30.510309"
    },
    {
        "city": "Тетиев",
        "lat": "49.370575",
        "lng": "29.680221"
    },
    {
        "city": "Узин",
        "lat": "49.820228",
        "lng": "30.438929"
    },
    {
        "city": "Украинка",
        "lat": "50.1530861",
        "lng": "30.7434917"
    },
    {
        "city": "Фастов",
        "lat": "50.0833333",
        "lng": "29.9166667"
    },
    {
        "city": "Чернобыль",
        "lat": "51.2666667",
        "lng": "30.2166667"
    },
    {
        "city": "Яготин",
        "lat": "50.244949",
        "lng": "31.796261"
    },
    {
        "city": "Александрия",
        "lat": "48.6666667",
        "lng": "33.1166667"
    },
    {
        "city": "Бобринец",
        "lat": "48.050861",
        "lng": "32.16589"
    },
    {
        "city": "Гайворон",
        "lat": "48.3333333",
        "lng": "29.8666667"
    },
    {
        "city": "Долинская",
        "lat": "48.1108333",
        "lng": "32.7647222"
    },
    {
        "city": "Знаменка",
        "lat": "48.7166667",
        "lng": "32.6666667"
    },
    {
        "city": "Кировоград",
        "lat": "48.508389",
        "lng": "32.264801"
    },
    {
        "city": "Малая Виска",
        "lat": "48.65",
        "lng": "31.6333333"
    },
    {
        "city": "Новомиргород",
        "lat": "48.7833333",
        "lng": "31.65"
    },
    {
        "city": "Новоукраинка",
        "lat": "48.3155556",
        "lng": "31.5269444"
    },
    {
        "city": "Светловодск",
        "lat": "49.0502778",
        "lng": "33.2419444"
    },
    {
        "city": "Александровск",
        "lat": "48.5861652",
        "lng": "39.1949396"
    },
    {
        "city": "Алмазная",
        "lat": "48.5166667",
        "lng": "38.5833333"
    },
    {
        "city": "Алчевск",
        "lat": "48.4666667",
        "lng": "38.8"
    },
    {
        "city": "Антрацит",
        "lat": "48.1166667",
        "lng": "39.0833333"
    },
    {
        "city": "Брянка",
        "lat": "48.5133333",
        "lng": "38.6430556"
    },
    {
        "city": "Вахрушево",
        "lat": "48.174579",
        "lng": "38.837224"
    },
    {
        "city": "Горное",
        "lat": "49.1805556",
        "lng": "23.7341667"
    },
    {
        "city": "Зимогорье",
        "lat": "48.5833333",
        "lng": "38.9333333"
    },
    {
        "city": "Золотое",
        "lat": "48.6928568",
        "lng": "38.5146349"
    },
    {
        "city": "Зоринск",
        "lat": "48.4131636",
        "lng": "38.6204799"
    },
    {
        "city": "Краснодон",
        "lat": "48.29607",
        "lng": "39.745239"
    },
    {
        "city": "Красный Луч",
        "lat": "48.134041",
        "lng": "38.931419"
    },
    {
        "city": "Лисичанск",
        "lat": "48.896895",
        "lng": "38.444143"
    },
    {
        "city": "Луганск",
        "lat": "48.573269",
        "lng": "39.355659"
    },
    {
        "city": "Лутугино",
        "lat": "48.4019444",
        "lng": "39.2102778"
    },
    {
        "city": "Миусинск",
        "lat": "48.07",
        "lng": "38.9"
    },
    {
        "city": "Молодогвардейск",
        "lat": "48.3444444",
        "lng": "39.6583333"
    },
    {
        "city": "Новодружеск",
        "lat": "48.9666667",
        "lng": "38.35"
    },
    {
        "city": "Новопсков",
        "lat": "49.544731",
        "lng": "39.103889"
    },
    {
        "city": "Первомайск",
        "lat": "48.05",
        "lng": "30.85"
    },
    {
        "city": "Перевальск",
        "lat": "48.4388889",
        "lng": "38.8194444"
    },
    {
        "city": "Петровское",
        "lat": "48.293331",
        "lng": "38.888614"
    },
    {
        "city": "Попасная",
        "lat": "48.6333333",
        "lng": "38.38"
    },
    {
        "city": "Приволье",
        "lat": "49.016706",
        "lng": "38.302668"
    },
    {
        "city": "Ровеньки",
        "lat": "48.0833333",
        "lng": "39.3666667"
    },
    {
        "city": "Рубежное",
        "lat": "49.0166667",
        "lng": "38.3666667"
    },
    {
        "city": "Сватово",
        "lat": "49.41011",
        "lng": "38.15258"
    },
    {
        "city": "Свердловск",
        "lat": "48.084549",
        "lng": "39.65163"
    },
    {
        "city": "Северодонецк",
        "lat": "48.950191",
        "lng": "38.497631"
    },
    {
        "city": "Старобельск",
        "lat": "49.2666667",
        "lng": "38.9166667"
    },
    {
        "city": "Стаханов",
        "lat": "48.5666667",
        "lng": "38.65"
    },
    {
        "city": "Суходольск",
        "lat": "48.3523068",
        "lng": "39.7239205"
    },
    {
        "city": "Счастье",
        "lat": "48.737247",
        "lng": "39.2311974"
    },
    {
        "city": "Теплогорск",
        "lat": "48.600487",
        "lng": "38.5920825"
    },
    {
        "city": "Червонопартизанск",
        "lat": "48.095566",
        "lng": "39.759607"
    },
    {
        "city": "Белз",
        "lat": "50.380501",
        "lng": "24.01269"
    },
    {
        "city": "Бобрка",
        "lat": "49.6331904",
        "lng": "24.2907476"
    },
    {
        "city": "Борислав",
        "lat": "49.28476",
        "lng": "23.42137"
    },
    {
        "city": "Броды",
        "lat": "50.0833333",
        "lng": "25.15"
    },
    {
        "city": "Буск",
        "lat": "49.9666667",
        "lng": "24.6333333"
    },
    {
        "city": "Великие Мосты",
        "lat": "50.24",
        "lng": "24.1394444"
    },
    {
        "city": "Глиняны",
        "lat": "49.8233333",
        "lng": "24.5166667"
    },
    {
        "city": "Городок",
        "lat": "49.1666667",
        "lng": "26.5666667"
    },
    {
        "city": "Добромиль",
        "lat": "49.5666667",
        "lng": "22.7833333"
    },
    {
        "city": "Дрогобыч",
        "lat": "49.34853",
        "lng": "23.51647"
    },
    {
        "city": "Дубляны",
        "lat": "49.8833333",
        "lng": "24.0833333"
    },
    {
        "city": "Жидачов",
        "lat": "49.3813889",
        "lng": "24.1408333"
    },
    {
        "city": "Жолква",
        "lat": "50.0666667",
        "lng": "23.9666667"
    },
    {
        "city": "Золочев",
        "lat": "49.8083333",
        "lng": "24.9011111"
    },
    {
        "city": "Каменка-Бугская",
        "lat": "50.1",
        "lng": "24.35"
    },
    {
        "city": "Львов",
        "lat": "49.85",
        "lng": "24.0166667"
    },
    {
        "city": "Мостиска",
        "lat": "49.7941667",
        "lng": "23.1525"
    },
    {
        "city": "Перемышляны",
        "lat": "49.67",
        "lng": "24.5594444"
    },
    {
        "city": "Пустомыты",
        "lat": "49.7138889",
        "lng": "23.9108333"
    },
    {
        "city": "Рава-Русская",
        "lat": "50.230431",
        "lng": "23.628309"
    },
    {
        "city": "Радехов",
        "lat": "50.2827778",
        "lng": "24.6375"
    },
    {
        "city": "Рудки",
        "lat": "49.6530556",
        "lng": "23.4880556"
    },
    {
        "city": "Самбор",
        "lat": "49.5166667",
        "lng": "23.2027778"
    },
    {
        "city": "Сколе",
        "lat": "49.036049",
        "lng": "23.51232"
    },
    {
        "city": "Сокаль",
        "lat": "50.4833333",
        "lng": "24.2833333"
    },
    {
        "city": "Старый Самбор",
        "lat": "49.4430556",
        "lng": "23.0033333"
    },
    {
        "city": "Стрый",
        "lat": "49.256171",
        "lng": "23.850306"
    },
    {
        "city": "Трускавец",
        "lat": "49.2805556",
        "lng": "23.505"
    },
    {
        "city": "Угнев",
        "lat": "50.3666667",
        "lng": "23.7444444"
    },
    {
        "city": "Хыров",
        "lat": "49.5333333",
        "lng": "22.85"
    },
    {
        "city": "Червоноград",
        "lat": "50.3833333",
        "lng": "24.2333333"
    },
    {
        "city": "Яворов",
        "lat": "49.942501",
        "lng": "23.390989"
    }
]